{"cameraMode":{"drawMode":0,"name":"Shaded","section":"Shading Mode"},"sceneLighting":false,"audioPlay":false,"sceneViewState":{"m_AlwaysRefresh":false,"showFog":true,"showSkybox":false,"showFlares":true,"showImageEffects":true,"showParticleSystems":true,"showVisualEffectGraphs":true,"m_FxEnabled":true},"in2DMode":false,"pivot":{"x":-5.960464477539063e-8,"y":0.001000046730041504,"z":0.07312500476837158},"rotation":{"x":-0.004840864799916744,"y":0.9619515538215637,"z":-0.2727731764316559,"w":-0.017017623409628869},"size":1.3056553602218629,"orthographic":false}