{"cameraMode":{"drawMode":0,"name":"Shaded","section":"Shading Mode"},"sceneLighting":false,"audioPlay":false,"sceneViewState":{"m_AlwaysRefresh":false,"showFog":true,"showSkybox":false,"showFlares":true,"showImageEffects":true,"showParticleSystems":true,"showVisualEffectGraphs":true,"m_FxEnabled":true},"in2DMode":false,"pivot":{"x":-0.13215327262878419,"y":0.025000035762786866,"z":0.38113629817962649},"rotation":{"x":-0.17404049634933473,"y":0.816583514213562,"z":-0.3146597743034363,"w":-0.4516182839870453},"size":1.5743255615234376,"orthographic":false}